{
    "((7, 0, 2), (7, 3, 6), (0, 4, 12))": [
        -50.0,
        -50.0,
        -50.0,
        -50.0,
        -50.0,
        -325.668,
        -50.0,
        -348.59999999999997,
        -348.59999999999997,
        -348.25,
        -348.25,
        -348.25,
        -348.59999999999997,
        -348.59999999999997
    ],
    "((4, 0, 2), (7, 3, 6), (0, 4, 12))": [
        -355.59999999999997,
        -35.0,
        -332.668,
        0.0,
        0.0,
        0.0,
        0.0,
        0.0,
        0.0,
        0.0,
        0.0,
        0.0,
        0.0,
        0.0,
        0.0,
        0.0,
        0.0,
        0.0,
        0.0
    ],
    "((3, 0, 2), (7, 3, 6), (0, 4, 12))": [
        -397.488,
        0.0,
        -17.779999999999994,
        0.0,
        0.0,
        0.0,
        0.0,
        0.0,
        0.0,
        0.0,
        0.0,
        0.0,
        0.0,
        0.0,
        0.0,
        0.0,
        0.0,
        0.0,
        0.0
    ],
    "((0, 0, 2), (7, 3, 6), (0, 4, 12))": [
        0.0,
        -501.48,
        -368.438,
        0.0,
        0.0,
        0.0,
        0.0,
        0.0,
        0.0,
        0.0,
        0.0,
        0.0,
        0.0,
        0.0,
        0.0,
        0.0
    ],
    "((2, 0, 2), (7, 3, 6), (0, 4, 12))": [
        -376.59999999999997,
        22.4,
        0.0,
        -418.59999999999997,
        0.0,
        0.0,
        0.0,
        0.0,
        0.0,
        0.0,
        0.0,
        0.0,
        0.0,
        0.0,
        0.0,
        0.0,
        0.0,
        0.0,
        0.0
    ],
    "((1, 0, 2), (7, 3, 6), (0, 4, 12))": [
        -24.08,
        0.0,
        -35.0,
        0.0,
        0.0,
        0.0,
        0.0,
        0.0,
        0.0,
        0.0,
        0.0,
        0.0,
        0.0,
        0.0,
        0.0,
        0.0,
        0.0,
        0.0,
        0.0
    ],
    "((6, 0, 2), (7, 3, 6), (0, 4, 12))": [
        -355.59999999999997,
        -35.0,
        0.0,
        -35.0,
        0.0,
        0.0,
        0.0,
        0.0,
        0.0,
        0.0,
        0.0,
        0.0,
        0.0,
        0.0,
        0.0,
        0.0,
        0.0,
        0.0,
        0.0
    ],
    "((5, 0, 2), (7, 3, 6), (0, 4, 12))": [
        -35.0,
        -35.0,
        -35.0,
        0.0,
        0.0,
        0.0,
        0.0,
        0.0,
        0.0,
        0.0,
        0.0,
        0.0,
        0.0,
        0.0,
        0.0,
        0.0,
        0.0,
        0.0,
        0.0
    ],
    "((7, 1, 2), (7, 3, 6), (0, 4, 12))": [
        0.0,
        0.0,
        0.0,
        -355.59999999999997,
        0.0,
        0.0,
        0.0,
        0.0,
        0.0,
        0.0,
        0.0,
        0.0,
        0.0,
        0.0
    ],
    "((3, 1, 2), (7, 3, 6), (0, 4, 12))": [
        -362.59999999999997,
        -411.59999999999997,
        0.0,
        -397.59999999999997,
        0.0,
        0.0,
        0.0,
        0.0,
        0.0,
        0.0,
        0.0,
        0.0,
        0.0,
        0.0,
        0.0,
        0.0,
        0.0,
        0.0,
        0.0
    ],
    "((2, 1, 2), (7, 3, 6), (0, 4, 12))": [
        -369.59999999999997,
        0.0,
        -390.59999999999997,
        -432.59999999999997,
        0.0,
        0.0,
        0.0,
        0.0,
        0.0,
        0.0,
        0.0,
        0.0,
        0.0,
        0.0,
        0.0,
        0.0,
        0.0,
        0.0,
        0.0
    ],
    "((1, 1, 2), (7, 3, 6), (0, 4, 12))": [
        -126.0,
        0.0,
        0.0,
        -376.59999999999997,
        0.0,
        0.0,
        0.0,
        0.0,
        0.0,
        0.0,
        0.0,
        0.0,
        0.0,
        0.0,
        0.0,
        0.0,
        0.0,
        0.0,
        0.0
    ],
    "((4, 1, 2), (7, 3, 6), (0, 4, 12))": [
        -404.59999999999997,
        -383.59999999999997,
        0.0,
        -91.0,
        0.0,
        0.0,
        0.0,
        0.0,
        0.0,
        0.0,
        0.0,
        0.0,
        0.0,
        0.0,
        0.0,
        0.0,
        0.0,
        0.0,
        0.0
    ],
    "((0, 1, 2), (7, 3, 6), (0, 4, 12))": [
        -446.59999999999997,
        -425.59999999999997,
        -35.0,
        0.0,
        0.0,
        0.0,
        0.0,
        0.0,
        0.0,
        0.0,
        0.0,
        0.0,
        0.0,
        0.0,
        0.0,
        0.0
    ],
    "((7, 2, 2), (7, 3, 6), (0, 4, 12))": [
        0.0,
        0.0,
        0.0,
        -355.59999999999997,
        0.0,
        0.0,
        0.0,
        0.0,
        0.0,
        0.0,
        0.0,
        0.0,
        0.0
    ],
    "((3, 2, 2), (7, 3, 6), (0, 4, 12))": [
        -383.59999999999997,
        0.0,
        -13.299999999999999,
        0.0,
        0.0,
        0.0,
        0.0,
        0.0,
        0.0,
        0.0,
        0.0,
        0.0,
        0.0,
        0.0,
        0.0,
        0.0,
        0.0,
        0.0,
        0.0
    ],
    "((0, 2, 2), (7, 3, 6), (0, 4, 12))": [
        -21.0,
        -411.59999999999997,
        0.0,
        0.0,
        0.0,
        0.0,
        0.0,
        0.0,
        0.0,
        0.0,
        0.0,
        0.0,
        0.0,
        0.0,
        0.0,
        0.0
    ],
    "((1, 2, 2), (7, 3, 6), (0, 4, 12))": [
        -55.3,
        -425.59999999999997,
        -376.59999999999997,
        0.0,
        0.0,
        0.0,
        0.0,
        0.0,
        0.0,
        0.0,
        0.0,
        0.0,
        0.0,
        0.0,
        0.0,
        0.0,
        0.0,
        0.0,
        0.0
    ],
    "((2, 2, 2), (7, 3, 6), (0, 4, 12))": [
        -70.0,
        0.0,
        0.0,
        -549.78,
        0.0,
        0.0,
        0.0,
        0.0,
        0.0,
        0.0,
        0.0,
        0.0,
        0.0,
        0.0,
        0.0,
        0.0,
        0.0,
        0.0,
        0.0
    ],
    "((4, 2, 2), (7, 3, 6), (0, 4, 12))": [
        0.0,
        0.0,
        -49.7,
        0.0,
        0.0,
        0.0,
        0.0,
        0.0,
        0.0,
        0.0,
        0.0,
        0.0,
        0.0,
        0.0,
        0.0,
        0.0,
        0.0,
        0.0,
        0.0
    ],
    "((7, 0, 2), (6, 2, 6), (0, 4, 12))": [
        0.0,
        -355.25,
        0.0,
        0.0,
        0.0,
        0.0,
        0.0,
        0.0,
        0.0,
        0.0,
        0.0,
        0.0,
        0.0,
        0.0,
        0.0,
        0.0,
        0.0,
        0.0,
        0.0,
        0.0,
        0.0,
        0.0
    ],
    "((5, 0, 2), (6, 2, 6), (0, 4, 12))": [
        0.0,
        0.0,
        0.0,
        -362.25,
        0.0,
        0.0,
        0.0,
        0.0,
        0.0,
        0.0,
        0.0,
        0.0,
        0.0,
        0.0,
        0.0,
        0.0,
        0.0,
        0.0,
        0.0,
        0.0,
        0.0,
        0.0
    ],
    "((1, 0, 2), (6, 2, 6), (0, 4, 12))": [
        37.975,
        0.0,
        0.0,
        -383.25,
        0.0,
        0.0,
        0.0,
        0.0,
        0.0,
        0.0,
        0.0,
        0.0,
        0.0,
        0.0,
        0.0,
        0.0,
        0.0,
        0.0,
        0.0,
        0.0,
        0.0,
        0.0
    ],
    "((0, 0, 2), (6, 2, 6), (0, 4, 12))": [
        -344.2775,
        -418.25,
        -404.25,
        0.0,
        0.0,
        0.0,
        0.0,
        0.0,
        0.0,
        0.0,
        0.0,
        0.0,
        0.0,
        0.0,
        0.0,
        0.0,
        0.0,
        0.0,
        0.0
    ],
    "((4, 0, 2), (6, 2, 6), (0, 4, 12))": [
        0.0,
        0.0,
        -358.2775,
        0.0,
        0.0,
        0.0,
        0.0,
        0.0,
        0.0,
        0.0,
        0.0,
        0.0,
        0.0,
        0.0,
        0.0,
        0.0,
        0.0,
        0.0,
        0.0,
        0.0,
        0.0,
        0.0
    ],