{
    "((7, 0, 2), (7, 3, 6), (0, 4, 12))": [
        -50.0,
        -50.0,
        -50.0,
        -50.0,
        -50.0,
        -348.59999999999997,
        -50.0,
        -348.59999999999997,
        -348.59999999999997,
        -348.25,
        -348.25,
        -348.25,
        -348.59999999999997,
        -348.59999999999997
    ],
    "((3, 0, 2), (7, 3, 6), (0, 4, 12))": [
        -425.59999999999997,
        0.0,
        43.4,
        -355.59999999999997,
        0.0,
        0.0,
        0.0,
        0.0,
        0.0,
        0.0,
        0.0,
        0.0,
        0.0,
        0.0,
        0.0,
        0.0,
        0.0,
        0.0,
        0.0
    ],
    "((4, 0, 2), (7, 3, 6), (0, 4, 12))": [
        0.0,
        -513.38,
        0.0,
        29.4,
        0.0,
        0.0,
        0.0,
        0.0,
        0.0,
        0.0,
        0.0,
        0.0,
        0.0,
        0.0,
        0.0,
        0.0,
        0.0,
        0.0,
        0.0
    ],
    "((2, 0, 2), (7, 3, 6), (0, 4, 12))": [
        -411.59999999999997,
        0.0,
        -369.59999999999997,
        -35.0,
        0.0,
        0.0,
        0.0,
        0.0,
        0.0,
        0.0,
        0.0,
        0.0,
        0.0,
        0.0,
        0.0,
        0.0,
        0.0,
        0.0,
        0.0
    ],
    "((0, 0, 2), (7, 3, 6), (0, 4, 12))": [
        0.0,
        0.0,
        0.0,
        -183.24740000000003,
        0.0,
        0.0,
        0.0,
        0.0,
        0.0,
        0.0,
        0.0,
        0.0,
        0.0,
        0.0,
        0.0,
        0.0
    ],
    "((1, 0, 2), (7, 3, 6), (0, 4, 12))": [
        64.39999999999999,
        0.0,
        -391.25800000000004,
        0.0,
        0.0,
        0.0,
        0.0,
        0.0,
        0.0,
        0.0,
        0.0,
        0.0,
        0.0,
        0.0,
        0.0,
        0.0,
        0.0,
        0.0,
        0.0
    ],
    "((6, 0, 2), (7, 3, 6), (0, 4, 12))": [
        -355.59999999999997,
        -35.0,
        -35.0,
        0.0,
        0.0,
        0.0,
        0.0,
        0.0,
        0.0,
        0.0,
        0.0,
        0.0,
        0.0,
        0.0,
        0.0,
        0.0,
        0.0,
        0.0,
        0.0
    ],
    "((5, 0, 2), (7, 3, 6), (0, 4, 12))": [
        -35.0,
        -35.0,
        -35.0,
        0.0,
        0.0,
        0.0,
        0.0,
        0.0,
        0.0,
        0.0,
        0.0,
        0.0,
        0.0,
        0.0,
        0.0,
        0.0,
        0.0,
        0.0,
        0.0
    ],
    "((7, 1, 2), (7, 3, 6), (0, 4, 12))": [
        0.0,
        0.0,
        0.0,
        -355.59999999999997,
        0.0,
        0.0,
        0.0,
        0.0,
        0.0,
        0.0,
        0.0,
        0.0,
        0.0,
        0.0
    ],
    "((3, 1, 2), (7, 3, 6), (0, 4, 12))": [
        -519.68,
        0.0,
        -14.0,
        0.0,
        0.0,
        0.0,
        0.0,
        0.0,
        0.0,
        0.0,
        0.0,
        0.0,
        0.0,
        0.0,
        0.0,
        0.0,
        0.0,
        0.0,
        0.0
    ],
    "((0, 1, 2), (7, 3, 6), (0, 4, 12))": [
        -425.59999999999997,
        -35.0,
        0.0,
        -369.59999999999997,
        0.0,
        0.0,
        0.0,
        0.0,
        0.0,
        0.0,
        0.0,
        0.0,
        0.0,
        0.0,
        0.0,
        0.0
    ],
    "((4, 1, 2), (7, 3, 6), (0, 4, 12))": [
        -376.59999999999997,
        -439.59999999999997,
        0.0,
        0.0,
        0.0,
        0.0,
        0.0,
        0.0,
        0.0,
        0.0,
        0.0,
        0.0,
        0.0,
        0.0,
        0.0,
        0.0,
        0.0,
        0.0,
        0.0
    ],
    "((2, 1, 2), (7, 3, 6), (0, 4, 12))": [
        -528.78,
        -98.0,
        0.0,
        0.0,
        0.0,
        0.0,
        0.0,
        0.0,
        0.0,
        0.0,
        0.0,
        0.0,
        0.0,
        0.0,
        0.0,
        0.0,
        0.0,
        0.0,
        0.0
    ],
    "((1, 1, 2), (7, 3, 6), (0, 4, 12))": [
        -70.0,
        0.0,
        -397.59999999999997,
        -432.59999999999997,
        0.0,
        0.0,
        0.0,
        0.0,
        0.0,
        0.0,
        0.0,
        0.0,
        0.0,
        0.0,
        0.0,
        0.0,
        0.0,
        0.0,
        0.0
    ],
    "((7, 2, 2), (7, 3, 6), (0, 4, 12))": [
        0.0,
        0.0,
        0.0,
        -355.59999999999997,
        0.0,
        0.0,
        0.0,
        0.0,
        0.0,
        0.0,
        0.0,
        0.0,
        0.0
    ],
    "((3, 2, 2), (7, 3, 6), (0, 4, 12))": [
        -362.59999999999997,
        -49.0,
        0.0,
        0.0,
        0.0,
        0.0,
        0.0,
        0.0,
        0.0,
        0.0,
        0.0,
        0.0,
        0.0,
        0.0,
        0.0,
        0.0,
        0.0,
        0.0,
        0.0
    ],
    "((2, 2, 2), (7, 3, 6), (0, 4, 12))": [
        -35.0,
        -20.299999999999997,
        0.0,
        0.0,
        0.0,
        0.0,
        0.0,
        0.0,
        0.0,
        0.0,
        0.0,
        0.0,
        0.0,
        0.0,
        0.0,
        0.0,
        0.0,
        0.0,
        0.0
    ],
    "((0, 2, 2), (7, 3, 6), (0, 4, 12))": [
        0.0,
        0.0,
        0.0,
        -376.59999999999997,
        0.0,
        0.0,
        0.0,
        0.0,
        0.0,
        0.0,
        0.0,
        0.0,
        0.0,
        0.0,
        0.0,
        0.0
    ],
    "((4, 2, 2), (7, 3, 6), (0, 4, 12))": [
        0.0,
        0.0,
        -73.5,
        0.0,
        0.0,
        0.0,
        0.0,
        0.0,
        0.0,
        0.0,
        0.0,
        0.0,
        0.0,
        0.0,
        0.0,
        0.0,
        0.0,
        0.0,
        0.0
    ],
    "((1, 2, 2), (7, 3, 6), (0, 4, 12))": [
        0.0,
        -418.59999999999997,
        -390.59999999999997,
        -404.59999999999997,
        0.0,
        0.0,
        0.0,
        0.0,
        0.0,
        0.0,
        0.0,
        0.0,
        0.0,
        0.0,
        0.0,
        0.0,
        0.0,
        0.0,
        0.0
    ],
    "((7, 0, 2), (6, 2, 6), (0, 4, 12))": [
        0.0,
        0.0,
        0.0,
        -355.25,
        0.0,
        0.0,
        0.0,
        0.0,
        0.0,
        0.0,
        0.0,
        0.0,
        0.0,
        0.0,
        0.0,
        0.0,
        0.0,
        0.0,
        0.0,
        0.0,
        0.0,
        0.0
    ],
    "((3, 0, 2), (6, 2, 6), (0, 4, 12))": [
        -484.925,
        0.0,
        0.0,
        0.0,
        0.0,
        0.0,
        0.0,
        0.0,
        0.0,
        0.0,
        0.0,
        0.0,
        0.0,
        0.0,
        0.0,
        0.0,
        0.0,
        0.0,
        0.0,
        0.0,
        0.0,
        0.0
    ],
    "((2, 0, 2), (6, 2, 6), (0, 4, 12))": [
        -383.25,
        0.0,
        -369.25,
        0.0,
        0.0,
        0.0,
        0.0,
        0.0,
        0.0,
        0.0,
        0.0,
        0.0,
        0.0,
        0.0,
        0.0,
        0.0,
        0.0,
        0.0,
        0.0,
        0.0,
        0.0,
        0.0
    ],
    "((1, 0, 2), (6, 2, 6), (0, 4, 12))": [
        -26.075,
        0.0,
        0.0,
        0.0,
        0.0,
        0.0,
        0.0,
        0.0,
        0.0,
        0.0,
        0.0,
        0.0,
        0.0,
        0.0,
        0.0,
        0.0,
        0.0,
        0.0,
        0.0,
        0.0,
        0.0,
        0.0
    ],
    "((0, 0, 2), (6, 2, 6), (0, 4, 12))": [
        -406.5075,
        0.0,
        0.0,
        -520.5025,
        0.0,
        0.0,
        0.0,
        0.0,
        0.0,
        0.0,
        0.0,
        0.0,
        0.0,
        0.0,
        0.0,
        0.0,
        0.0,
        0.0,
        0.0
    ],